,경기번호,팀명,1SET,2SET,3SET,4SET,5SET,TOTAL,경기시간_1SET,경기시간_2SET,경기시간_3SET,경기시간_4SET,경기시간_5SET
0,1,현대캐피탈,21,25,25,33,0,104,27,30,30,37,0
1,1,대한항공,25,23,21,31,0,100,27,30,30,37,0
2,2,KB손해보험,18,25,25,23,15,106,23,30,23,27,17
3,2,삼성화재,25,22,18,25,13,103,23,30,23,27,17
4,3,OK저축은행,21,25,19,25,15,105,31,28,27,25,16
5,3,한국전력,25,21,25,18,12,101,31,28,27,25,16
6,4,KB손해보험,31,25,25,0,0,81,37,25,23,0,0
7,4,현대캐피탈,29,18,14,0,0,61,37,25,23,0,0
8,5,대한항공,22,25,25,25,0,97,28,24,26,27,0
9,5,우리카드,25,16,16,19,0,76,28,24,26,27,0
10,6,삼성화재,25,24,20,17,0,86,22,29,28,23,0
11,6,OK저축은행,19,26,25,25,0,95,22,29,28,23,0
12,7,KB손해보험,19,25,23,17,0,84,28,26,28,28,0
13,7,한국전력,25,20,25,25,0,95,28,26,28,28,0
14,8,우리카드,22,25,26,22,0,95,28,30,41,30,0
15,8,현대캐피탈,25,22,28,25,0,100,28,30,41,30,0
16,9,OK저축은행,22,23,25,22,0,92,26,27,28,29,0
17,9,대한항공,25,25,22,25,0,97,26,27,28,29,0
18,10,우리카드,20,25,29,21,12,107,28,25,32,28,17
19,10,삼성화재,25,21,27,25,15,113,28,25,32,28,17
20,11,한국전력,25,25,25,0,0,75,26,28,29,0,0
21,11,현대캐피탈,20,23,21,0,0,64,26,28,29,0,0
22,12,우리카드,25,19,25,23,16,108,25,24,22,29,19
23,12,OK저축은행,21,25,15,25,14,100,25,24,22,29,19
24,13,대한항공,22,25,23,0,0,70,26,31,32,0,0
25,13,KB손해보험,25,27,25,0,0,77,26,31,32,0,0
26,14,한국전력,14,17,21,0,0,52,21,26,31,0,0
27,14,삼성화재,25,25,25,0,0,75,21,26,31,0,0
28,15,현대캐피탈,25,22,25,25,0,97,27,25,26,27,0
29,15,OK저축은행,21,25,19,19,0,84,27,25,26,27,0
30,16,우리카드,37,26,25,31,0,119,42,29,31,35,0
31,16,KB손해보험,39,24,23,29,0,115,42,29,31,35,0
32,17,한국전력,35,20,26,18,13,112,45,32,33,27,21
33,17,대한항공,33,25,24,25,15,122,45,32,33,27,21
34,18,삼성화재,31,25,24,25,0,105,37,30,31,25,0
35,18,현대캐피탈,29,23,26,17,0,95,37,30,31,25,0
36,19,OK저축은행,26,17,25,19,12,99,28,23,25,26,17
37,19,KB손해보험,24,25,14,25,15,103,28,23,25,26,17
38,20,한국전력,23,25,33,25,0,106,28,30,39,25,0
39,20,우리카드,25,20,31,16,0,92,28,30,39,25,0
40,21,대한항공,19,22,20,0,0,61,25,31,26,0,0
41,21,삼성화재,25,25,25,0,0,75,25,31,26,0,0
42,22,KB손해보험,25,25,26,25,9,110,24,31,33,29,15
43,22,OK저축은행,19,23,28,27,15,112,24,31,33,29,15
44,23,우리카드,25,25,28,0,0,78,26,29,35,0,0
45,23,한국전력,21,23,26,0,0,70,26,29,35,0,0
46,24,삼성화재,25,25,23,23,15,111,25,30,29,30,15
47,24,대한항공,20,20,25,25,10,100,25,30,29,30,15
48,25,OK저축은행,25,15,22,21,0,83,25,22,27,28,0
49,25,현대캐피탈,20,25,25,25,0,95,25,22,27,28,0
50,26,우리카드,18,25,17,28,0,88,25,28,24,35,0
51,26,KB손해보험,25,20,25,30,0,100,25,28,24,35,0
52,27,대한항공,25,25,25,0,0,75,27,29,19,0,0
53,27,한국전력,19,23,10,0,0,52,27,29,19,0,0
54,28,현대캐피탈,18,23,23,0,0,64,25,29,27,0,0
55,28,삼성화재,25,25,25,0,0,75,25,29,27,0,0
56,29,OK저축은행,25,19,26,20,0,90,26,27,36,25,0
57,29,우리카드,21,25,28,25,0,99,26,27,36,25,0
58,30,대한항공,22,23,25,25,13,108,27,29,30,30,19
59,30,KB손해보험,25,25,20,22,15,107,27,29,30,30,19
60,31,삼성화재,33,25,25,0,0,83,36,26,27,0,0
61,31,한국전력,31,20,19,0,0,70,36,26,27,0,0
62,32,우리카드,18,25,21,15,0,79,23,27,24,22,0
63,32,현대캐피탈,25,22,25,25,0,97,23,27,24,22,0
64,33,대한항공,21,31,27,21,0,100,25,41,31,28,0
65,33,OK저축은행,25,33,25,25,0,108,25,41,31,28,0
66,34,KB손해보험,25,23,25,22,13,108,25,30,26,28,18
67,34,삼성화재,21,25,20,25,15,106,25,30,26,28,18
68,35,현대캐피탈,25,25,25,0,0,75,22,24,28,0,0
69,35,한국전력,15,18,22,0,0,55,22,24,28,0,0
70,36,우리카드,26,24,20,0,0,70,30,34,28,0,0
71,36,대한항공,28,26,25,0,0,79,30,34,28,0,0
72,37,삼성화재,25,25,25,0,0,75,24,27,22,0,0
73,37,OK저축은행,17,23,17,0,0,57,24,27,22,0,0
74,38,KB손해보험,20,25,22,20,0,87,27,25,30,30,0
75,38,한국전력,25,19,25,25,0,94,27,25,30,30,0
76,39,대한항공,25,17,24,25,15,106,26,23,31,28,18
77,39,현대캐피탈,20,25,26,22,12,105,26,23,31,28,18
78,40,삼성화재,25,23,25,25,0,98,24,28,24,29,0
79,40,우리카드,20,25,17,23,0,85,24,28,24,29,0
80,41,한국전력,25,25,27,0,0,77,24,24,29,0,0
81,41,OK저축은행,21,21,25,0,0,67,24,24,29,0,0
82,42,현대캐피탈,25,25,25,0,0,75,28,25,25,0,0
83,42,KB손해보험,22,21,16,0,0,59,28,25,25,0,0
84,43,대한항공,15,25,19,25,20,104,23,31,24,26,24
85,43,삼성화재,25,23,25,18,22,113,23,31,24,26,24
86,44,우리카드,21,23,25,25,20,114,27,28,29,28,23
87,44,한국전력,25,25,23,23,18,114,27,28,29,28,23
88,45,OK저축은행,25,25,21,18,13,102,28,29,26,25,19
89,45,KB손해보험,22,22,25,25,15,109,28,29,26,25,19
90,46,삼성화재,20,22,19,0,0,61,24,27,25,0,0
91,46,현대캐피탈,25,25,25,0,0,75,24,27,25,0,0
92,47,한국전력,25,19,21,21,0,86,33,28,29,27,0
93,47,대한항공,23,25,25,25,0,98,33,28,29,27,0
94,48,KB손해보험,25,25,25,0,0,75,26,32,25,0,0
95,48,우리카드,23,22,17,0,0,62,26,32,25,0,0
96,49,현대캐피탈,25,25,21,25,0,96,26,25,27,25,0
97,49,OK저축은행,21,21,25,21,0,88,26,25,27,25,0
98,50,삼성화재,19,28,20,23,0,90,26,32,27,30,0
99,50,한국전력,25,26,25,25,0,101,26,32,27,30,0
100,51,KB손해보험,25,19,21,25,9,99,27,25,27,28,16
101,51,대한항공,20,25,25,21,15,106,27,25,27,28,16
102,52,OK저축은행,13,23,19,0,0,55,23,27,23,0,0
103,52,우리카드,25,25,25,0,0,75,23,27,23,0,0
104,53,한국전력,15,19,18,0,0,52,25,25,24,0,0
105,53,현대캐피탈,25,25,25,0,0,75,25,25,24,0,0
106,54,삼성화재,19,25,25,25,0,94,26,27,24,23,0
107,54,KB손해보험,25,19,16,16,0,76,26,27,24,23,0
108,55,OK저축은행,31,19,25,17,17,109,35,25,25,26,22
109,55,대한항공,29,25,20,25,19,118,35,25,25,26,22
110,56,현대캐피탈,21,29,25,22,13,110,28,36,26,29,20
111,56,우리카드,25,27,20,25,15,112,28,36,26,29,20
112,57,한국전력,17,26,29,25,0,97,25,35,43,35,0
113,57,KB손해보험,25,24,27,23,0,99,25,35,43,35,0
114,58,OK저축은행,31,21,19,0,0,71,39,25,30,0,0
115,58,삼성화재,33,25,25,0,0,83,39,25,30,0,0
116,59,대한항공,25,25,22,22,15,109,25,27,30,29,12
117,59,우리카드,18,23,25,25,6,97,25,27,30,29,12
118,60,KB손해보험,25,25,19,20,16,105,32,28,25,29,22
119,60,현대캐피탈,23,19,25,25,14,106,32,28,25,29,22
120,61,OK저축은행,32,19,25,14,0,90,39,27,28,24,0
121,61,한국전력,34,25,21,25,0,105,39,27,28,24,0
122,62,삼성화재,25,21,15,25,15,101,25,27,24,29,17
123,62,우리카드,21,25,25,20,11,102,25,27,24,29,17
124,63,현대캐피탈,25,25,25,0,0,75,27,28,27,0,0
125,63,대한항공,21,17,21,0,0,59,27,28,27,0,0
126,64,KB손해보험,32,25,19,23,0,99,36,23,26,28,0
127,64,OK저축은행,34,15,25,25,0,99,36,23,26,28,0
128,65,한국전력,14,25,20,25,17,101,21,24,31,30,22
129,65,우리카드,25,15,25,22,15,102,21,24,31,30,22
130,66,삼성화재,25,25,16,19,13,98,27,30,26,24,20
131,66,대한항공,23,22,25,25,15,110,27,30,26,24,20
132,67,OK저축은행,14,20,23,0,0,57,21,27,29,0,0
133,67,현대캐피탈,25,25,25,0,0,75,21,27,29,0,0
134,68,KB손해보험,18,25,25,25,0,93,23,28,28,31,0
135,68,우리카드,25,21,21,23,0,90,23,28,28,31,0
136,69,대한항공,21,23,24,0,0,68,26,28,31,0,0
137,69,한국전력,25,25,26,0,0,76,26,28,31,0,0
138,70,현대캐피탈,22,25,25,25,0,97,25,27,27,30,0
139,70,삼성화재,25,21,19,23,0,88,25,27,27,30,0
140,71,우리카드,35,26,25,0,0,86,38,31,24,0,0
141,71,OK저축은행,33,24,18,0,0,75,38,31,24,0,0
142,72,KB손해보험,25,25,17,22,17,106,26,28,27,29,25
143,72,대한항공,21,23,25,25,19,113,26,28,27,29,25
144,73,한국전력,25,23,25,25,15,113,26,30,32,30,17
145,73,삼성화재,21,25,27,20,11,104,26,30,32,30,17
146,74,현대캐피탈,25,25,25,0,0,75,27,25,28,0,0
147,74,우리카드,23,22,19,0,0,64,27,25,28,0,0
148,75,대한항공,23,25,25,25,0,98,28,28,28,26,0
149,75,OK저축은행,25,20,19,20,0,84,28,28,28,26,0
150,76,삼성화재,16,25,25,25,0,91,22,26,30,29,0
151,76,KB손해보험,25,18,23,22,0,88,22,26,30,29,0
152,77,현대캐피탈,25,25,22,25,0,97,25,27,26,27,0
153,77,한국전력,19,20,25,18,0,82,25,27,26,27,0
154,78,우리카드,25,25,25,0,0,75,29,25,30,0,0
155,78,대한항공,21,18,23,0,0,62,29,25,30,0,0
156,79,OK저축은행,25,21,25,21,10,102,30,25,28,25,15
157,79,삼성화재,23,25,23,25,15,111,30,25,28,25,15
158,80,KB손해보험,35,25,25,0,0,85,39,29,23,0,0
159,80,한국전력,33,23,14,0,0,70,39,29,23,0,0
160,81,대한항공,28,25,19,22,0,94,34,25,27,29,0
161,81,현대캐피탈,30,15,25,25,0,95,34,25,27,29,0
162,82,우리카드,25,26,16,21,12,100,25,28,23,31,17
163,82,삼성화재,20,24,25,25,15,109,25,28,23,31,17
164,83,OK저축은행,18,18,23,0,0,59,24,23,29,0,0
165,83,한국전력,25,25,25,0,0,75,24,23,29,0,0
166,84,현대캐피탈,25,25,25,0,0,75,30,29,25,0,0
167,84,KB손해보험,21,22,17,0,0,60,30,29,25,0,0
168,85,대한항공,25,25,25,0,0,75,26,25,25,0,0
169,85,삼성화재,19,18,17,0,0,54,26,25,25,0,0
170,86,OK저축은행,25,23,21,21,0,90,25,28,29,26,0
171,86,KB손해보험,22,25,25,25,0,97,25,28,29,26,0
172,87,우리카드,25,25,25,0,0,75,29,27,25,0,0
173,87,한국전력,22,20,14,0,0,56,29,27,25,0,0
174,88,현대캐피탈,25,19,20,0,0,64,31,28,27,0,0
175,88,대한항공,27,25,25,0,0,77,31,28,27,0,0
176,89,삼성화재,25,25,22,22,15,109,27,27,27,28,18
177,89,OK저축은행,21,20,25,25,11,102,27,27,27,28,18
178,90,우리카드,25,25,25,0,0,75,24,29,27,0,0
179,90,KB손해보험,17,20,19,0,0,56,24,29,27,0,0
180,91,한국전력,19,20,19,0,0,58,25,30,29,0,0
181,91,현대캐피탈,25,25,25,0,0,75,25,30,29,0,0
182,92,OK저축은행,16,24,23,0,0,63,24,28,30,0,0
183,92,대한항공,25,26,25,0,0,76,24,28,30,0,0
184,93,우리카드,25,25,25,18,13,106,33,27,24,23,19
185,93,삼성화재,27,23,18,25,15,108,33,27,24,23,19
186,94,한국전력,26,22,16,29,12,105,30,28,25,36,15
187,94,KB손해보험,24,25,25,27,15,116,30,28,25,36,15
188,95,현대캐피탈,25,25,25,0,0,75,23,25,24,0,0
189,95,OK저축은행,20,18,21,0,0,59,23,25,24,0,0
190,96,우리카드,25,24,25,18,13,105,24,31,24,25,18
191,96,대한항공,19,26,14,25,15,99,24,31,24,25,18
192,97,삼성화재,25,15,22,25,10,97,27,24,29,26,18
193,97,한국전력,19,25,25,17,15,101,27,24,29,26,18
194,98,KB손해보험,25,25,22,25,0,97,26,25,28,25,0
195,98,현대캐피탈,20,21,25,15,0,81,26,25,28,25,0
196,99,우리카드,19,20,19,0,0,58,26,25,24,0,0
197,99,OK저축은행,25,25,25,0,0,75,26,25,24,0,0
198,100,한국전력,32,25,11,19,0,87,40,28,23,26,0
199,100,대한항공,34,18,25,25,0,102,40,28,23,26,0
200,101,KB손해보험,25,20,25,27,0,97,23,27,28,31,0
201,101,삼성화재,17,25,21,25,0,88,23,27,28,31,0
202,102,현대캐피탈,25,25,20,25,0,95,25,25,26,29,0
203,102,우리카드,20,20,25,19,0,84,25,25,26,29,0
204,103,한국전력,25,25,25,0,0,75,28,28,27,0,0
205,103,OK저축은행,23,22,23,0,0,68,28,28,27,0,0
206,104,대한항공,29,25,25,0,0,79,33,22,26,0,0
207,104,KB손해보험,27,15,16,0,0,58,33,22,26,0,0
208,105,삼성화재,36,27,28,21,9,121,40,34,33,29,18
209,105,현대캐피탈,34,29,26,25,15,129,40,34,33,29,18
210,106,한국전력,22,25,22,25,0,94,29,25,28,34,0
211,106,OK저축은행,25,18,25,27,0,95,29,25,28,34,0
212,107,KB손해보험,25,25,25,0,0,75,28,30,31,0,0
213,107,대한항공,23,23,23,0,0,69,28,30,31,0,0
214,108,현대캐피탈,25,23,19,25,13,105,24,30,27,27,18
215,108,삼성화재,18,25,25,20,15,103,24,30,27,27,18
216,109,OK저축은행,25,25,25,0,0,75,23,26,25,0,0
217,109,우리카드,17,20,18,0,0,55,23,26,25,0,0
218,110,대한항공,20,22,25,25,15,107,30,33,26,28,18
219,110,한국전력,25,25,21,22,12,105,30,33,26,28,18
220,111,삼성화재,25,25,25,0,0,75,24,28,27,0,0
221,111,KB손해보험,21,22,23,0,0,66,24,28,27,0,0
222,112,우리카드,23,33,25,0,0,81,28,39,34,0,0
223,112,현대캐피탈,25,35,27,0,0,87,28,39,34,0,0
224,113,삼성화재,20,24,15,0,0,59,25,33,27,0,0
225,113,대한항공,25,26,25,0,0,76,25,33,27,0,0
226,114,KB손해보험,25,19,25,25,0,94,23,25,26,29,0
227,114,OK저축은행,19,25,21,23,0,88,23,25,26,29,0
228,115,한국전력,19,25,25,25,0,94,25,28,25,29,0
229,115,우리카드,25,21,16,23,0,85,25,28,25,29,0
230,116,대한항공,25,21,25,25,0,96,25,30,28,24,0
231,116,현대캐피탈,21,25,23,17,0,86,25,30,28,24,0
232,117,OK저축은행,17,20,20,0,0,57,21,26,25,0,0
233,117,삼성화재,25,25,25,0,0,75,21,26,25,0,0
234,118,KB손해보험,25,24,22,17,0,88,27,31,28,29,0
235,118,우리카드,23,26,25,25,0,99,27,31,28,29,0
236,119,현대캐피탈,20,19,18,0,0,57,25,28,24,0,0
237,119,한국전력,25,25,25,0,0,75,25,28,24,0,0
238,120,대한항공,25,25,19,16,11,96,28,25,27,25,17
239,120,OK저축은행,23,20,25,25,15,108,28,25,27,25,17
240,121,삼성화재,18,25,21,18,0,82,22,28,27,23,0
241,121,우리카드,25,22,25,25,0,97,22,28,27,23,0
242,122,한국전력,21,25,25,19,8,98,26,27,28,29,14
243,122,KB손해보험,25,15,19,25,15,99,26,27,28,29,14
244,123,OK저축은행,16,25,29,21,15,106,22,24,32,26,17
245,123,현대캐피탈,25,16,27,25,12,105,22,24,32,26,17
246,124,대한항공,23,24,8,0,0,55,27,28,20,0,0
247,124,우리카드,25,26,25,0,0,76,27,28,20,0,0
248,125,한국전력,25,26,28,0,0,79,26,31,30,0,0
249,125,삼성화재,19,24,26,0,0,69,26,31,30,0,0
250,126,현대캐피탈,19,27,17,15,0,78,24,35,26,25,0
251,126,KB손해보험,25,25,25,25,0,100,24,35,26,25,0
252,127,삼성화재,28,21,25,25,0,99,30,29,27,33,0
253,127,대한항공,26,25,19,22,0,92,30,29,27,33,0
254,128,대한항공,25,23,25,26,0,99,25,32,25,31,0
255,128,삼성화재,18,25,18,24,0,85,25,32,25,31,0
256,129,삼성화재,25,20,22,30,0,97,30,30,32,38,0
257,129,대한항공,23,25,25,32,0,105,30,30,32,38,0
258,130,현대캐피탈,28,23,26,15,18,110,32,29,30,26,22
259,130,대한항공,26,25,24,25,16,116,32,29,30,26,22
260,131,현대캐피탈,19,24,24,0,0,67,25,34,29,0,0
261,131,대한항공,25,26,26,0,0,77,25,34,29,0,0
262,132,대한항공,25,26,25,0,0,76,28,31,27,0,0
263,132,현대캐피탈,22,24,18,0,0,64,28,31,27,0,0
264,133,대한항공,25,25,25,0,0,75,28,25,29,0,0
265,133,현대캐피탈,22,17,20,0,0,59,28,25,29,0,0
266,134,대한항공,21,23,20,0,0,64,27,29,25,0,0
267,134,현대캐피탈,25,25,25,0,0,75,27,29,25,0,0
268,135,삼성화재,20,25,25,41,0,111,27,27,31,51,0
269,135,우리카드,25,19,23,39,0,106,27,27,31,51,0
270,136,OK저축은행,21,32,25,25,0,103,30,43,29,30,0
271,136,한국전력,25,30,19,21,0,95,30,43,29,30,0
272,137,KB손해보험,18,22,26,0,0,66,26,28,33,0,0
273,137,대한항공,25,25,28,0,0,78,26,28,33,0,0
274,138,우리카드,20,25,19,20,0,84,27,28,28,27,0
275,138,OK저축은행,25,23,25,25,0,98,27,28,28,27,0
276,139,대한항공,25,25,27,25,0,102,26,29,34,26,0
277,139,한국전력,18,23,29,14,0,84,26,29,34,26,0
278,140,현대캐피탈,22,25,25,26,0,98,28,27,28,36,0
279,140,삼성화재,25,18,22,24,0,89,28,27,28,36,0
280,141,OK저축은행,17,25,25,25,0,92,23,29,25,29,0
281,141,KB손해보험,25,22,16,18,0,81,23,29,25,29,0
282,142,우리카드,23,17,19,0,0,59,27,25,27,0,0
283,142,대한항공,25,25,25,0,0,75,27,25,27,0,0
284,143,삼성화재,23,25,25,25,0,98,29,27,30,27,0
285,143,한국전력,25,19,22,23,0,89,29,27,30,27,0
286,144,KB손해보험,25,25,31,25,0,106,29,24,41,29,0
287,144,우리카드,20,15,33,18,0,86,29,24,41,29,0
288,145,OK저축은행,17,27,19,0,0,63,25,37,25,0,0
289,145,현대캐피탈,25,29,25,0,0,79,25,37,25,0,0
290,146,대한항공,22,28,25,25,0,100,29,32,27,26,0
291,146,삼성화재,25,26,20,20,0,91,29,32,27,26,0
292,147,한국전력,19,25,18,19,0,81,28,28,27,28,0
293,147,KB손해보험,25,22,25,25,0,97,28,28,27,28,0
294,148,현대캐피탈,23,22,23,0,0,68,29,30,29,0,0
295,148,우리카드,25,25,25,0,0,75,29,30,29,0,0
296,149,삼성화재,27,27,20,0,0,74,32,33,26,0,0
297,149,OK저축은행,29,29,25,0,0,83,32,33,26,0,0
298,150,한국전력,18,14,25,25,10,92,26,23,25,29,15
299,150,현대캐피탈,25,25,18,19,15,102,26,23,25,29,15
300,151,KB손해보험,23,25,29,20,8,105,30,28,36,30,15
301,151,삼성화재,25,20,27,25,15,112,30,28,36,30,15
302,152,OK저축은행,25,23,25,25,15,113,33,30,21,24,16
303,152,대한항공,27,25,13,19,12,96,33,30,21,24,16
304,153,우리카드,25,25,25,0,0,75,30,25,26,0,0
305,153,한국전력,23,18,17,0,0,58,30,25,26,0,0
306,154,현대캐피탈,28,25,25,0,0,78,34,29,25,0,0
307,154,KB손해보험,26,20,15,0,0,61,34,29,25,0,0
308,155,OK저축은행,26,25,25,25,0,101,32,29,29,26,0
309,155,삼성화재,28,22,21,20,0,91,32,29,29,26,0
310,156,한국전력,19,25,25,20,14,103,26,27,29,27,21
311,156,대한항공,25,18,23,25,16,107,26,27,29,27,21
312,157,우리카드,25,21,30,9,16,101,27,29,39,23,24
313,157,현대캐피탈,21,25,28,25,18,117,27,29,39,23,24
314,158,삼성화재,30,25,25,0,0,80,35,22,29,0,0
315,158,KB손해보험,28,12,23,0,0,63,35,22,29,0,0
316,159,OK저축은행,21,21,18,0,0,60,29,27,26,0,0
317,159,대한항공,25,25,25,0,0,75,29,27,26,0,0
318,160,우리카드,29,25,25,0,0,79,34,26,29,0,0
319,160,한국전력,27,14,20,0,0,61,34,26,29,0,0
320,161,삼성화재,23,15,25,25,15,103,31,26,27,31,18
321,161,현대캐피탈,25,25,18,23,13,104,31,26,27,31,18
322,162,KB손해보험,25,18,25,25,0,93,30,26,25,25,0
323,162,한국전력,23,25,16,15,0,79,30,26,25,25,0
324,163,현대캐피탈,25,17,20,23,0,85,24,26,29,29,0
325,163,대한항공,19,25,25,25,0,94,24,26,29,29,0
326,164,우리카드,20,29,25,25,0,99,25,37,29,23,0
327,164,OK저축은행,25,27,20,15,0,87,25,37,29,23,0
328,165,한국전력,16,25,22,26,13,102,24,30,32,34,19
329,165,삼성화재,25,22,25,24,15,111,24,30,32,34,19
330,166,대한항공,22,25,25,25,0,97,27,29,30,29,0
331,166,KB손해보험,25,19,21,21,0,86,27,29,30,29,0
332,167,현대캐피탈,25,25,22,23,15,110,29,29,28,30,13
333,167,OK저축은행,19,22,25,25,7,98,29,29,28,30,13
334,168,우리카드,25,25,19,17,13,99,23,25,28,27,20
335,168,삼성화재,18,21,25,25,15,104,23,25,28,27,20
336,169,KB손해보험,25,15,33,25,13,111,30,26,44,27,20
337,169,현대캐피탈,20,25,35,19,15,114,30,26,44,27,20
338,170,OK저축은행,25,25,25,0,0,75,23,27,25,0,0
339,170,한국전력,17,21,18,0,0,56,23,27,25,0,0
340,171,삼성화재,18,21,17,0,0,56,25,29,25,0,0
341,171,대한항공,25,25,25,0,0,75,25,29,25,0,0
342,172,우리카드,27,25,25,0,0,77,32,30,31,0,0
343,172,KB손해보험,25,20,22,0,0,67,32,30,31,0,0
344,173,현대캐피탈,23,27,25,23,15,113,29,35,29,29,15
345,173,한국전력,25,25,20,25,12,107,29,35,29,29,15
346,174,대한항공,30,25,21,23,13,112,35,27,28,33,20
347,174,우리카드,28,16,25,25,15,109,35,27,28,33,20
348,175,KB손해보험,25,22,21,14,0,82,26,30,31,23,0
349,175,OK저축은행,16,25,25,25,0,91,26,30,31,23,0
350,176,한국전력,18,25,23,17,0,83,24,26,31,25,0
351,176,현대캐피탈,25,18,25,25,0,93,24,26,31,25,0
352,177,삼성화재,22,23,25,21,0,91,29,28,27,29,0
353,177,우리카드,25,25,16,25,0,91,29,28,27,29,0
354,178,KB손해보험,30,19,23,22,0,94,36,29,32,29,0
355,178,대한항공,28,25,25,25,0,103,36,29,32,29,0
356,179,OK저축은행,23,21,19,0,0,63,30,29,25,0,0
357,179,현대캐피탈,25,25,25,0,0,75,30,29,25,0,0
358,180,대한항공,23,25,22,22,0,92,29,27,29,32,0
359,180,삼성화재,25,17,25,25,0,92,29,27,29,32,0
360,181,한국전력,13,20,17,0,0,50,22,25,22,0,0
361,181,OK저축은행,25,25,25,0,0,75,22,25,22,0,0
362,182,현대캐피탈,25,25,25,0,0,75,24,28,30,0,0
363,182,KB손해보험,16,19,22,0,0,57,24,28,30,0,0
364,183,우리카드,25,25,18,20,10,98,23,28,26,29,15
365,183,대한항공,14,23,25,25,15,102,23,28,26,29,15
366,184,삼성화재,31,25,20,25,0,101,34,31,25,30,0
367,184,한국전력,29,23,25,23,0,100,34,31,25,30,0
368,185,OK저축은행,24,26,30,23,0,103,30,31,35,29,0
369,185,KB손해보험,26,28,28,25,0,107,30,31,35,29,0
370,186,대한항공,16,25,25,28,0,94,23,27,30,33,0
371,186,현대캐피탈,25,18,21,26,0,90,23,27,30,33,0
372,187,한국전력,22,25,21,31,11,110,29,31,28,37,18
373,187,우리카드,25,23,25,29,15,117,29,31,28,37,18
374,188,KB손해보험,26,21,18,26,8,99,30,30,26,29,15
375,188,삼성화재,24,25,25,24,15,113,30,30,26,29,15
376,189,대한항공,27,25,21,20,0,93,34,25,28,26,0
377,189,OK저축은행,29,17,25,25,0,96,34,25,28,26,0
378,190,현대캐피탈,25,25,25,0,0,75,25,25,23,0,0
379,190,우리카드,18,16,12,0,0,46,25,25,23,0,0
380,191,한국전력,25,20,25,27,15,112,28,28,23,39,18
381,191,KB손해보험,23,25,14,29,9,100,28,28,23,39,18
382,192,OK저축은행,23,19,25,25,13,105,29,28,26,29,18
383,192,우리카드,25,25,15,21,15,101,29,28,26,29,18
384,193,현대캐피탈,21,25,25,30,0,101,27,30,29,34,0
385,193,삼성화재,25,23,23,28,0,99,27,30,29,34,0
386,194,대한항공,25,25,22,25,0,97,27,21,27,26,0
387,194,한국전력,21,10,25,18,0,74,27,21,27,26,0
388,195,KB손해보험,25,22,14,20,0,81,29,28,23,32,0
389,195,우리카드,21,25,25,25,0,96,29,28,23,32,0
390,196,삼성화재,28,25,25,0,0,78,31,24,29,0,0
391,196,OK저축은행,26,18,23,0,0,67,31,24,29,0,0
392,197,한국전력,25,14,26,19,8,92,30,26,30,31,15
393,197,대한항공,22,25,24,25,15,111,30,26,30,31,15
394,198,삼성화재,23,29,25,25,0,102,29,39,30,29,0
395,198,현대캐피탈,25,27,23,21,0,96,29,39,30,29,0
396,199,OK저축은행,19,16,17,0,0,52,25,21,22,0,0
397,199,우리카드,25,25,25,0,0,75,25,21,22,0,0
398,200,대한항공,22,25,23,25,12,107,27,29,32,27,19
399,200,KB손해보험,25,23,25,12,15,100,27,29,32,27,19
400,201,현대캐피탈,25,25,25,0,0,75,28,29,24,0,0
401,201,한국전력,22,19,14,0,0,55,28,29,24,0,0
402,202,우리카드,25,25,24,25,0,99,27,23,29,30,0
403,202,삼성화재,21,18,26,22,0,87,27,23,29,30,0
404,203,KB손해보험,25,25,25,0,0,75,27,27,29,0,0
405,203,OK저축은행,20,21,20,0,0,61,27,27,29,0,0
406,204,우리카드,23,26,25,22,7,103,29,37,23,32,17
407,204,현대캐피탈,25,24,17,25,15,106,29,37,23,32,17
408,205,삼성화재,25,27,23,21,11,107,31,31,30,30,15
409,205,대한항공,22,25,25,25,15,112,31,31,30,30,15
410,206,KB손해보험,21,23,26,25,15,110,26,35,32,29,16
411,206,한국전력,25,25,24,21,9,104,26,35,32,29,16
412,207,현대캐피탈,25,20,30,26,15,116,27,26,43,32,19
413,207,OK저축은행,21,25,32,24,11,113,27,26,43,32,19
414,208,대한항공,22,19,25,26,15,107,30,30,30,30,16
415,208,우리카드,25,25,22,24,10,106,30,30,30,30,16
416,209,삼성화재,25,25,29,25,0,104,26,27,37,23,0
417,209,KB손해보험,20,17,31,14,0,82,26,27,37,23,0
418,210,현대캐피탈,29,25,22,25,0,101,34,23,29,32,0
419,210,대한항공,27,13,25,20,0,85,34,23,29,32,0
420,211,OK저축은행,25,28,25,0,0,78,24,33,29,0,0
421,211,삼성화재,20,26,20,0,0,66,24,33,29,0,0
422,212,한국전력,21,19,16,0,0,56,27,28,23,0,0
423,212,우리카드,25,25,25,0,0,75,27,28,23,0,0
424,213,KB손해보험,25,25,31,23,0,104,30,30,40,32,0
425,213,현대캐피탈,27,23,33,25,0,108,30,30,40,32,0
426,214,대한항공,25,26,22,25,11,109,26,32,30,25,17
427,214,OK저축은행,16,28,25,18,15,102,26,32,30,25,17
428,215,한국전력,21,19,23,0,0,63,27,28,31,0,0
429,215,삼성화재,25,25,25,0,0,75,27,28,31,0,0
430,216,우리카드,25,27,25,0,0,77,25,36,26,0,0
431,216,KB손해보험,21,25,19,0,0,65,25,36,26,0,0
432,217,한국전력,25,25,21,25,0,96,26,28,27,27,0
433,217,OK저축은행,21,20,25,20,0,86,26,28,27,27,0
434,218,우리카드,25,25,25,0,0,75,27,30,30,0,0
435,218,한국전력,22,22,23,0,0,67,27,30,30,0,0
436,219,KB손해보험,20,31,12,25,15,103,26,38,23,31,19
437,219,대한항공,25,29,25,20,13,112,26,38,23,31,19
438,220,삼성화재,25,20,23,25,10,103,26,27,28,24,14
439,220,OK저축은행,20,25,25,14,15,99,26,27,28,24,14
440,221,현대캐피탈,21,22,20,0,0,63,29,31,27,0,0
441,221,우리카드,25,25,25,0,0,75,29,31,27,0,0
442,222,한국전력,23,25,14,27,9,98,29,23,25,35,17
443,222,KB손해보험,25,14,25,25,15,104,29,23,25,35,17
444,223,OK저축은행,21,25,20,21,0,87,27,24,28,28,0
445,223,대한항공,25,16,25,25,0,91,27,24,28,28,0
446,224,현대캐피탈,25,27,25,0,0,77,29,33,23,0,0
447,224,삼성화재,23,25,16,0,0,64,29,33,23,0,0
448,225,한국전력,23,18,20,0,0,61,31,25,26,0,0
449,225,OK저축은행,25,25,25,0,0,75,31,25,26,0,0
450,226,KB손해보험,15,25,23,0,0,63,25,32,31,0,0
451,226,우리카드,25,27,25,0,0,77,25,32,31,0,0
452,227,대한항공,25,23,19,25,13,105,28,32,26,23,19
453,227,현대캐피탈,19,25,25,13,15,97,28,32,26,23,19
454,228,삼성화재,26,25,25,0,0,76,30,26,27,0,0
455,228,한국전력,24,19,20,0,0,63,30,26,27,0,0
456,229,OK저축은행,26,18,24,0,0,68,34,24,30,0,0
457,229,KB손해보험,28,25,26,0,0,79,34,24,30,0,0
458,230,우리카드,23,19,20,0,0,62,38,27,28,0,0
459,230,대한항공,25,25,25,0,0,75,38,27,28,0,0
460,231,한국전력,25,25,25,0,0,75,27,29,28,0,0
461,231,현대캐피탈,20,23,20,0,0,63,27,29,28,0,0
462,232,KB손해보험,26,25,22,25,0,98,30,27,29,27,0
463,232,삼성화재,24,20,25,18,0,87,30,27,29,27,0
464,233,우리카드,25,25,19,25,0,94,30,27,26,22,0
465,233,OK저축은행,23,22,25,15,0,85,30,27,26,22,0
466,234,대한항공,25,25,18,21,17,106,29,24,26,30,22
467,234,한국전력,22,13,25,25,15,100,29,24,26,30,22
468,235,현대캐피탈,22,25,22,20,0,89,28,29,30,29,0
469,235,KB손해보험,25,23,25,25,0,98,28,29,30,29,0
470,236,삼성화재,17,25,18,15,0,75,23,31,26,24,0
471,236,우리카드,25,23,25,25,0,98,23,31,26,24,0
472,237,OK저축은행,26,18,21,0,0,65,33,25,26,0,0
473,237,현대캐피탈,28,25,25,0,0,78,33,25,26,0,0
474,238,대한항공,25,19,21,25,15,105,32,26,26,28,17
475,238,삼성화재,23,25,25,16,12,101,32,26,26,28,17
476,239,한국전력,25,20,17,25,15,102,29,27,26,38,20
477,239,우리카드,21,25,25,21,13,105,29,27,26,38,20
478,240,KB손해보험,17,18,27,25,17,104,24,26,36,29,25
479,240,OK저축은행,25,25,25,21,15,111,24,26,36,29,25
480,241,현대캐피탈,20,19,26,0,0,65,28,29,35,0,0
481,241,대한항공,25,25,28,0,0,78,28,29,35,0,0
482,242,한국전력,19,22,17,0,0,58,29,31,29,0,0
483,242,삼성화재,25,25,25,0,0,75,29,31,29,0,0
484,243,우리카드,25,18,21,22,0,86,27,26,27,30,0
485,243,KB손해보험,21,25,25,25,0,96,27,26,27,30,0
486,244,삼성화재,16,21,25,15,0,77,25,32,26,27,0
487,244,대한항공,25,25,19,25,0,94,25,32,26,27,0
488,245,현대캐피탈,28,25,25,0,0,78,33,28,26,0,0
489,245,한국전력,26,21,16,0,0,63,33,28,26,0,0
490,246,OK저축은행,27,16,25,25,0,93,28,24,31,29,0
491,246,우리카드,25,25,23,21,0,94,28,24,31,29,0
492,247,대한항공,25,27,23,25,0,100,27,35,36,26,0
493,247,KB손해보험,21,25,25,18,0,89,27,35,36,26,0
494,248,삼성화재,26,16,19,16,0,77,32,25,28,25,0
495,248,현대캐피탈,24,25,25,25,0,99,32,25,28,25,0
496,249,KB손해보험,25,25,22,25,0,97,22,25,31,28,0
497,249,한국전력,15,18,25,23,0,81,22,25,31,28,0
498,250,현대캐피탈,25,25,25,0,0,75,27,23,28,0,0
499,250,OK저축은행,19,17,20,0,0,56,27,23,28,0,0
500,251,우리카드,20,18,16,0,0,54,28,27,23,0,0
501,251,삼성화재,25,25,25,0,0,75,28,27,23,0,0
502,252,한국전력,27,25,20,19,0,91,35,31,31,29,0
503,252,대한항공,29,20,25,25,0,99,35,31,31,29,0
504,253,KB손해보험,27,21,25,34,15,122,36,30,29,42,17
505,253,현대캐피탈,29,25,23,32,10,119,36,30,29,42,17
506,254,OK저축은행,20,16,25,17,0,78,23,23,27,26,0
507,254,삼성화재,25,25,19,25,0,94,23,23,27,26,0
508,255,대한항공,25,28,25,0,0,78,26,35,27,0,0
509,255,우리카드,19,26,21,0,0,66,26,35,27,0,0
510,256,OK저축은행,25,25,25,0,0,75,23,28,23,0,0
511,256,한국전력,18,22,16,0,0,56,23,28,23,0,0
512,257,삼성화재,25,27,25,0,0,77,29,33,27,0,0
513,257,KB손해보험,23,25,23,0,0,71,29,33,27,0,0
514,258,우리카드,25,23,25,20,15,108,24,28,26,30,13
515,258,현대캐피탈,16,25,16,25,6,88,24,28,26,30,13
516,259,대한항공,25,25,13,15,9,87,26,24,21,22,13
517,259,OK저축은행,22,19,25,25,15,106,26,24,21,22,13
518,260,현대캐피탈,20,25,25,23,16,109,32,29,24,31,22
519,260,우리카드,25,21,12,25,14,97,32,29,24,31,22
520,261,우리카드,30,22,12,0,0,64,40,30,22,0,0
521,261,현대캐피탈,32,25,25,0,0,82,40,30,22,0,0
522,262,대한항공,32,18,25,22,10,107,38,28,32,32,19
523,262,현대캐피탈,30,25,23,25,15,118,38,28,32,32,19
524,263,대한항공,25,22,25,25,13,110,33,31,24,32,24
525,263,현대캐피탈,27,25,13,21,15,101,33,31,24,32,24
526,264,현대캐피탈,25,30,25,25,0,105,28,43,30,30,0
527,264,대한항공,20,32,19,20,0,91,28,43,30,30,0
528,265,현대캐피탈,23,23,25,22,0,93,27,30,30,34,0
529,265,대한항공,25,25,20,25,0,95,27,30,30,34,0
530,266,삼성화재,14,17,22,0,0,53,28,24,33,0,0
531,266,우리카드,25,25,25,0,0,75,28,24,33,0,0
532,267,KB손해보험,22,18,25,25,15,105,27,25,31,27,24
533,267,한국전력,25,25,19,19,13,101,27,25,31,27,24
534,268,삼성화재,26,18,21,22,0,87,27,25,28,31,0
535,268,OK저축은행,24,25,25,25,0,99,27,25,28,31,0
536,269,현대캐피탈,25,21,28,21,11,106,23,27,37,27,16
537,269,우리카드,13,25,26,25,15,104,23,27,37,27,16
538,270,대한항공,25,38,25,0,0,88,25,44,26,0,0
539,270,한국전력,14,36,18,0,0,68,25,44,26,0,0
540,271,KB손해보험,21,26,25,25,10,107,29,33,33,26,14
541,271,삼성화재,25,24,27,18,15,109,29,33,33,26,14
542,272,OK저축은행,25,29,18,25,0,97,28,36,29,28,0
543,272,우리카드,23,27,25,17,0,92,28,36,29,28,0
544,273,대한항공,25,23,14,19,0,81,26,30,22,27,0
545,273,삼성화재,22,25,25,25,0,97,26,30,22,27,0
546,274,한국전력,23,25,19,23,0,90,28,30,26,32,0
547,274,우리카드,25,20,25,25,0,95,28,30,26,32,0
548,275,KB손해보험,21,25,26,25,12,109,29,29,34,34,19
549,275,현대캐피탈,25,19,24,27,15,110,29,29,34,34,19
550,276,OK저축은행,25,25,25,0,0,75,23,27,29,0,0
551,276,대한항공,17,23,21,0,0,61,23,27,29,0,0
552,277,삼성화재,25,25,19,25,0,94,28,24,25,32,0
553,277,한국전력,21,17,25,21,0,84,28,24,25,32,0
554,278,우리카드,24,20,25,25,15,109,30,27,30,28,16
555,278,KB손해보험,26,25,22,21,10,104,30,27,30,28,16
556,279,현대캐피탈,26,23,25,22,0,96,33,29,29,30,0
557,279,한국전력,28,25,20,25,0,98,33,29,29,30,0
558,280,KB손해보험,25,25,20,25,12,107,23,23,29,32,21
559,280,OK저축은행,14,16,25,27,15,97,23,23,29,32,21
560,281,우리카드,20,18,24,0,0,62,28,30,35,0,0
561,281,대한항공,25,25,26,0,0,76,28,30,35,0,0
562,282,현대캐피탈,23,22,25,26,15,111,32,29,32,34,16
563,282,삼성화재,25,25,23,24,10,107,32,29,32,34,16
564,283,한국전력,19,21,20,0,0,60,24,28,30,0,0
565,283,OK저축은행,25,25,25,0,0,75,24,28,30,0,0
566,284,대한항공,25,17,25,25,0,92,28,27,29,30,0
567,284,KB손해보험,22,25,21,23,0,91,28,27,29,30,0
568,285,OK저축은행,18,23,26,0,0,67,27,35,34,0,0
569,285,현대캐피탈,25,25,28,0,0,78,27,35,34,0,0
570,286,대한항공,29,25,25,0,0,79,33,31,28,0,0
571,286,우리카드,27,22,17,0,0,66,33,31,28,0,0
572,287,삼성화재,25,19,25,25,0,94,25,28,34,27,0
573,287,KB손해보험,18,25,21,20,0,84,25,28,34,27,0
574,288,한국전력,25,26,26,25,0,102,29,35,32,28,0
575,288,현대캐피탈,21,28,24,20,0,93,29,35,32,28,0
576,289,우리카드,26,26,25,23,15,115,31,31,30,30,18
577,289,OK저축은행,28,24,21,25,12,110,31,31,30,30,18
578,290,삼성화재,25,18,25,25,11,104,32,26,28,28,17
579,290,대한항공,27,25,21,19,15,107,32,26,28,28,17
580,291,현대캐피탈,26,33,18,25,0,102,34,42,26,29,0
581,291,KB손해보험,24,31,25,22,0,102,34,42,26,29,0
582,292,OK저축은행,25,15,25,18,15,98,26,26,29,27,19
583,292,삼성화재,18,25,21,25,13,102,26,26,29,27,19
584,293,한국전력,20,27,27,20,10,104,27,31,32,26,16
585,293,대한항공,25,25,25,25,15,115,27,31,32,26,16
586,294,현대캐피탈,23,25,18,16,0,82,30,31,29,26,0
587,294,우리카드,25,22,25,25,0,97,30,31,29,26,0
588,295,OK저축은행,16,25,25,21,15,102,24,24,26,32,21
589,295,KB손해보험,25,16,19,25,11,96,24,24,26,32,21
590,296,한국전력,23,18,25,20,0,86,30,27,30,26,0
591,296,삼성화재,25,25,23,25,0,98,30,27,30,26,0
592,297,KB손해보험,22,13,22,0,0,57,28,23,29,0,0
593,297,우리카드,25,25,25,0,0,75,28,23,29,0,0
594,298,대한항공,25,23,25,23,15,111,23,30,28,31,13
595,298,OK저축은행,17,25,19,25,4,90,23,30,28,31,13
596,299,삼성화재,27,25,25,25,0,102,35,25,27,28,0
597,299,현대캐피탈,29,15,19,21,0,84,35,25,27,28,0
598,300,우리카드,26,25,25,0,0,76,29,29,26,0,0
599,300,한국전력,24,22,16,0,0,62,29,29,26,0,0
600,301,KB손해보험,20,21,23,0,0,64,27,30,33,0,0
601,301,대한항공,25,25,25,0,0,75,27,30,33,0,0
602,302,현대캐피탈,25,25,26,0,0,76,24,32,33,0,0
603,302,OK저축은행,18,23,24,0,0,65,24,32,33,0,0
604,303,한국전력,20,25,25,25,0,95,28,31,26,32,0
605,303,KB손해보험,25,21,17,23,0,86,28,31,26,32,0
606,304,우리카드,25,25,25,0,0,75,25,28,24,0,0
607,304,삼성화재,17,21,18,0,0,56,25,28,24,0,0
608,305,대한항공,23,21,25,0,0,69,28,28,33,0,0
609,305,현대캐피탈,25,25,27,0,0,77,28,28,33,0,0
610,306,OK저축은행,18,25,25,23,13,104,27,27,30,30,23
611,306,한국전력,25,23,23,25,15,111,27,27,30,30,23
612,307,KB손해보험,29,25,25,18,17,114,36,32,26,25,29
613,307,삼성화재,31,23,19,25,19,117,36,32,26,25,29
614,308,현대캐피탈,17,22,25,25,9,98,27,27,30,40,15
615,308,대한항공,25,25,23,23,15,111,27,27,30,40,15
616,309,KB손해보험,25,27,25,0,0,77,28,33,33,0,0
617,309,OK저축은행,23,25,23,0,0,71,28,33,33,0,0
618,310,삼성화재,27,25,15,30,6,103,34,26,23,36,13
619,310,우리카드,29,16,25,28,15,113,34,26,23,36,13
620,311,한국전력,20,21,15,0,0,56,28,29,25,0,0
621,311,현대캐피탈,25,25,25,0,0,75,28,29,25,0,0
622,312,OK저축은행,29,14,14,19,0,76,35,27,24,28,0
623,312,대한항공,27,25,25,25,0,102,35,27,24,28,0
624,313,우리카드,25,25,20,26,10,106,31,22,30,37,21
625,313,KB손해보험,23,11,25,28,15,102,31,22,30,37,21
626,314,삼성화재,26,25,25,0,0,76,30,26,25,0,0
627,314,한국전력,24,13,17,0,0,54,30,26,25,0,0
628,315,OK저축은행,22,25,28,25,15,115,30,28,38,32,15
629,315,우리카드,25,19,30,23,8,105,30,28,38,32,15
630,316,현대캐피탈,25,25,27,0,0,77,23,25,36,0,0
631,316,삼성화재,15,17,25,0,0,57,23,25,36,0,0
632,317,대한항공,25,23,21,25,11,105,22,32,31,28,19
633,317,KB손해보험,13,25,25,18,15,96,22,32,31,28,19
634,318,한국전력,22,20,22,0,0,64,27,25,28,0,0
635,318,OK저축은행,25,25,25,0,0,75,27,25,28,0,0
636,319,우리카드,37,22,18,0,0,77,47,29,27,0,0
637,319,현대캐피탈,39,25,25,0,0,89,47,29,27,0,0
638,320,대한항공,25,25,25,0,0,75,28,29,29,0,0
639,320,삼성화재,22,21,22,0,0,65,28,29,29,0,0
640,321,KB손해보험,22,19,25,23,0,89,30,25,28,30,0
641,321,한국전력,25,25,21,25,0,96,30,25,28,30,0
642,322,우리카드,22,25,28,27,15,117,30,31,36,33,17
643,322,대한항공,25,21,30,25,12,113,30,31,36,33,17
644,323,삼성화재,27,25,25,0,0,77,31,31,32,0,0
645,323,OK저축은행,25,23,21,0,0,69,31,31,32,0,0
646,324,현대캐피탈,25,25,25,0,0,75,30,28,23,0,0
647,324,KB손해보험,23,19,13,0,0,55,30,28,23,0,0
648,325,대한항공,27,25,25,24,21,122,36,28,26,32,26
649,325,한국전력,29,22,16,26,19,112,36,28,26,32,26
650,326,OK저축은행,18,21,23,0,0,62,29,29,29,0,0
651,326,현대캐피탈,25,25,25,0,0,75,29,29,29,0,0
652,327,한국전력,35,19,19,23,0,96,42,28,27,29,0
653,327,우리카드,33,25,25,25,0,108,42,28,27,29,0
654,328,OK저축은행,25,25,25,0,0,75,27,29,26,0,0
655,328,삼성화재,23,22,18,0,0,63,27,29,26,0,0
656,329,KB손해보험,25,25,23,25,0,98,31,31,30,30,0
657,329,대한항공,22,23,25,19,0,89,31,31,30,30,0
658,330,우리카드,25,26,25,0,0,76,24,32,24,0,0
659,330,한국전력,15,24,16,0,0,55,24,32,24,0,0
660,331,삼성화재,21,25,25,25,0,96,29,28,26,27,0
661,331,KB손해보험,25,18,19,20,0,82,29,28,26,27,0
662,332,현대캐피탈,25,18,25,21,0,89,35,26,31,30,0
663,332,OK저축은행,27,25,22,25,0,99,35,26,31,30,0
664,333,대한항공,19,21,22,0,0,62,27,28,31,0,0
665,333,우리카드,25,25,25,0,0,75,27,28,31,0,0
666,334,한국전력,21,23,19,0,0,63,29,30,30,0,0
667,334,대한항공,25,25,25,0,0,75,29,30,30,0,0
668,335,현대캐피탈,21,18,25,19,0,83,29,28,32,27,0
669,335,우리카드,25,25,23,25,0,98,29,28,32,27,0
670,336,OK저축은행,18,23,25,25,12,103,24,30,31,26,17
671,336,KB손해보험,25,25,23,18,15,106,24,30,31,26,17
672,337,한국전력,25,25,26,0,0,76,24,26,31,0,0
673,337,삼성화재,19,17,24,0,0,60,24,26,31,0,0
674,338,대한항공,25,23,19,17,0,84,30,30,26,25,0
675,338,현대캐피탈,23,25,25,25,0,98,30,30,26,25,0
676,339,우리카드,25,20,25,20,15,105,30,29,24,28,24
677,339,OK저축은행,20,25,15,25,13,98,30,29,24,28,24
678,340,현대캐피탈,25,25,25,0,0,75,26,25,28,0,0
679,340,한국전력,17,18,19,0,0,54,26,25,28,0,0
680,341,KB손해보험,23,23,25,0,0,71,35,32,33,0,0
681,341,우리카드,25,25,27,0,0,77,35,32,33,0,0
682,342,삼성화재,21,21,19,0,0,61,31,29,30,0,0
683,342,대한항공,25,25,25,0,0,75,31,29,30,0,0
684,343,OK저축은행,25,20,25,29,0,99,27,29,27,38,0
685,343,한국전력,20,25,21,27,0,93,27,29,27,38,0
686,344,KB손해보험,25,20,20,26,0,91,30,29,27,33,0
687,344,현대캐피탈,23,25,25,28,0,101,30,29,27,33,0
688,345,우리카드,25,25,25,0,0,75,29,28,23,0,0
689,345,삼성화재,23,15,12,0,0,50,29,28,23,0,0
690,346,대한항공,25,25,25,0,0,75,28,30,24,0,0
691,346,OK저축은행,23,21,12,0,0,56,28,30,24,0,0
692,347,한국전력,23,25,21,12,0,81,30,25,31,24,0
693,347,KB손해보험,25,17,25,25,0,92,30,25,31,24,0
694,348,삼성화재,27,19,18,30,0,94,37,27,29,39,0
695,348,현대캐피탈,25,25,25,32,0,107,37,27,29,39,0
696,349,OK저축은행,19,25,18,0,0,62,25,34,27,0,0
697,349,대한항공,25,27,25,0,0,77,25,34,27,0,0
698,350,KB손해보험,25,22,23,25,15,110,29,30,31,35,18
699,350,한국전력,23,25,25,17,13,103,29,30,31,35,18
700,351,삼성화재,17,17,17,0,0,51,25,24,24,0,0
701,351,우리카드,25,25,25,0,0,75,25,24,24,0,0
702,352,현대캐피탈,25,22,34,25,12,118,32,31,40,26,19
703,352,대한항공,27,25,32,20,15,119,32,31,40,26,19
704,353,KB손해보험,25,25,25,0,0,75,30,33,32,0,0
705,353,OK저축은행,21,21,22,0,0,64,30,33,32,0,0
706,354,우리카드,28,25,30,0,0,83,33,34,37,0,0
707,354,현대캐피탈,26,23,28,0,0,77,33,34,37,0,0
708,355,대한항공,25,22,25,25,0,97,28,33,31,24,0
709,355,삼성화재,22,25,20,15,0,82,28,33,31,24,0
710,356,한국전력,25,24,22,0,0,71,32,32,29,0,0
711,356,OK저축은행,27,26,25,0,0,78,32,32,29,0,0
712,357,현대캐피탈,29,25,18,25,0,97,38,26,27,26,0
713,357,KB손해보험,27,17,25,20,0,89,38,26,27,26,0
714,358,우리카드,31,25,19,19,0,94,39,28,29,28,0
715,358,대한항공,33,21,25,25,0,104,39,28,29,28,0
716,359,KB손해보험,25,25,16,20,15,101,29,31,23,31,19
717,359,삼성화재,21,21,25,25,12,104,29,31,23,31,19
718,360,한국전력,25,10,19,25,6,85,27,22,28,32,13
719,360,우리카드,22,25,25,22,15,109,27,22,28,32,13
720,361,OK저축은행,20,26,25,22,8,101,27,30,29,29,17
721,361,현대캐피탈,25,24,22,25,15,111,27,30,29,29,17
722,362,대한항공,25,25,25,0,0,75,28,25,27,0,0
723,362,KB손해보험,22,17,20,0,0,59,28,25,27,0,0
724,363,삼성화재,26,25,25,0,0,76,33,23,27,0,0
725,363,한국전력,24,15,16,0,0,55,33,23,27,0,0
726,364,OK저축은행,25,15,20,20,0,80,26,24,26,32,0
727,364,우리카드,22,25,25,25,0,97,26,24,26,32,0
728,365,현대캐피탈,17,22,25,20,0,84,23,30,31,27,0
729,365,삼성화재,25,25,22,25,0,97,23,30,31,27,0
730,366,대한항공,25,25,25,0,0,75,26,27,28,0,0
731,366,한국전력,19,18,17,0,0,54,26,27,28,0,0
732,367,우리카드,25,25,28,0,0,78,31,32,37,0,0
733,367,KB손해보험,21,23,26,0,0,70,31,32,37,0,0
734,368,삼성화재,20,19,25,23,0,87,24,27,27,30,0
735,368,OK저축은행,25,25,19,25,0,94,24,27,27,30,0
736,369,한국전력,21,25,25,22,14,107,28,29,30,29,20
737,369,현대캐피탈,25,21,23,25,16,110,28,29,30,29,20
738,370,KB손해보험,18,19,22,0,0,59,25,27,32,0,0
739,370,우리카드,25,25,25,0,0,75,25,27,32,0,0
740,371,한국전력,23,26,25,10,11,95,28,31,39,21,16
741,371,삼성화재,25,24,22,25,15,111,28,31,39,21,16
742,372,OK저축은행,25,17,25,25,0,92,26,27,29,32,0
743,372,KB손해보험,17,25,21,23,0,86,26,27,29,32,0
744,373,우리카드,25,25,23,23,15,111,26,29,30,29,15
745,373,현대캐피탈,20,21,25,25,11,102,26,29,30,29,15
746,374,삼성화재,19,25,15,15,0,74,27,33,22,23,0
747,374,대한항공,25,23,25,25,0,98,27,33,22,23,0
748,375,OK저축은행,25,25,21,25,0,96,27,30,26,30,0
749,375,한국전력,23,21,25,21,0,90,27,30,26,30,0
750,376,KB손해보험,22,22,25,25,24,118,30,29,29,28,33
751,376,현대캐피탈,25,25,23,22,26,121,30,29,29,28,33
752,377,우리카드,20,21,25,25,7,98,27,31,34,35,15
753,377,대한항공,25,25,23,23,15,111,27,31,34,35,15
754,378,한국전력,26,25,27,17,14,109,31,25,36,28,20
755,378,삼성화재,24,15,29,25,16,109,31,25,36,28,20
756,379,현대캐피탈,25,25,25,0,0,75,32,26,28,0,0
757,379,우리카드,21,21,19,0,0,61,32,26,28,0,0
758,380,대한항공,25,20,25,25,0,95,23,29,28,29,0
759,380,삼성화재,13,25,20,22,0,80,23,29,28,29,0
760,381,OK금융그룹,25,27,19,25,0,96,29,34,32,26,0
761,381,한국전력,19,25,25,17,0,86,29,34,32,26,0
762,382,우리카드,27,26,20,18,0,91,35,32,29,26,0
763,382,KB손해보험,29,24,25,25,0,103,35,32,29,26,0
764,383,삼성화재,25,23,20,25,11,104,27,32,27,29,17
765,383,현대캐피탈,20,25,25,23,15,108,27,32,27,29,17
766,384,대한항공,16,19,25,25,23,108,25,30,29,31,38
767,384,OK금융그룹,25,25,18,21,25,114,25,30,29,31,38
768,385,KB손해보험,25,16,25,25,0,91,30,25,25,23,0
769,385,한국전력,22,25,18,13,0,78,30,25,25,23,0
770,386,OK금융그룹,25,25,23,27,0,100,30,26,30,33,0
771,386,현대캐피탈,23,17,25,25,0,90,30,26,30,33,0
772,387,우리카드,25,25,25,0,0,75,26,30,29,0,0
773,387,삼성화재,19,22,20,0,0,61,26,30,29,0,0
774,388,KB손해보험,19,25,25,25,0,94,25,33,28,27,0
775,388,대한항공,25,22,21,19,0,87,25,33,28,27,0
776,389,한국전력,27,25,21,25,15,113,41,27,29,36,22
777,389,현대캐피탈,29,14,25,23,17,108,41,27,29,36,22
778,390,OK금융그룹,20,25,23,25,22,115,30,26,32,26,28
779,390,우리카드,25,16,25,16,20,102,30,26,32,26,28
780,391,삼성화재,25,25,22,19,11,102,30,27,32,28,18
781,391,KB손해보험,23,21,25,25,15,109,30,27,32,28,18
782,392,현대캐피탈,25,19,22,22,0,88,29,27,28,29,0
783,392,대한항공,22,25,25,25,0,97,29,27,28,29,0
784,393,한국전력,22,20,22,0,0,64,29,29,27,0,0
785,393,우리카드,25,25,25,0,0,75,29,29,27,0,0
786,394,삼성화재,25,19,27,32,13,116,33,26,33,39,20
787,394,OK금융그룹,27,25,25,30,15,122,33,26,33,39,20
788,395,KB손해보험,31,15,25,20,19,110,38,24,30,26,25
789,395,현대캐피탈,29,25,19,25,17,115,38,24,30,26,25
790,396,대한항공,27,25,25,0,0,77,33,28,34,0,0
791,396,한국전력,25,19,23,0,0,67,33,28,34,0,0
792,397,OK금융그룹,23,25,25,25,0,98,32,32,27,29,0
793,397,KB손해보험,25,23,20,18,0,86,32,32,27,29,0
794,398,대한항공,25,25,25,0,0,75,30,28,24,0,0
795,398,현대캐피탈,22,18,18,0,0,58,30,28,24,0,0
796,399,우리카드,25,23,25,22,15,110,27,32,29,33,18
797,399,한국전력,22,25,23,25,12,107,27,32,29,33,18
798,400,KB손해보험,22,25,25,31,0,103,28,26,30,37,0
799,400,OK금융그룹,25,18,20,29,0,92,28,26,30,37,0
800,401,현대캐피탈,20,20,18,0,0,58,29,28,30,0,0
801,401,삼성화재,25,25,25,0,0,75,29,28,30,0,0
802,402,한국전력,25,25,25,25,0,100,33,28,30,36,0
803,402,대한항공,27,18,19,21,0,85,33,28,30,36,0
804,403,현대캐피탈,20,25,26,19,0,90,27,34,33,28,0
805,403,OK금융그룹,25,27,24,25,0,101,27,34,33,28,0
806,404,한국전력,23,25,27,20,15,110,29,28,32,30,18
807,404,KB손해보험,25,22,25,25,12,109,29,28,32,30,18
808,405,삼성화재,21,25,11,25,9,91,29,29,23,27,15
809,405,대한항공,25,18,25,18,15,101,29,29,23,27,15
810,406,우리카드,25,22,23,18,0,88,29,32,32,30,0
811,406,OK금융그룹,21,25,25,25,0,96,29,32,32,30,0
812,407,현대캐피탈,21,14,32,0,0,67,29,25,39,0,0
813,407,KB손해보험,25,25,34,0,0,84,29,25,39,0,0
814,408,삼성화재,25,25,24,11,8,93,29,27,30,23,15
815,408,한국전력,20,18,26,25,15,104,29,27,30,23,15
816,409,대한항공,25,16,25,25,0,91,30,27,26,29,0
817,409,우리카드,22,25,15,23,0,85,30,27,26,29,0
818,410,KB손해보험,25,23,22,25,15,110,21,30,28,30,20
819,410,삼성화재,14,25,25,21,12,97,21,30,28,30,20
820,411,한국전력,25,25,25,0,0,75,29,29,32,0,0
821,411,OK금융그룹,22,22,22,0,0,66,29,29,32,0,0
822,412,우리카드,17,25,22,26,0,90,24,25,28,33,0
823,412,현대캐피탈,25,20,25,28,0,98,24,25,28,33,0
824,413,대한항공,25,25,22,18,0,90,22,33,31,27,0
825,413,KB손해보험,17,27,25,25,0,94,22,33,31,27,0
826,414,OK금융그룹,17,25,25,28,0,95,25,28,32,34,0
827,414,삼성화재,25,16,22,26,0,89,25,28,32,34,0
828,415,KB손해보험,20,30,17,0,0,67,25,38,25,0,0
829,415,우리카드,25,32,25,0,0,82,25,38,25,0,0
830,416,현대캐피탈,16,25,21,26,0,88,24,27,28,35,0
831,416,한국전력,25,19,25,28,0,97,24,27,28,35,0
832,417,OK금융그룹,18,25,19,17,0,79,27,29,28,27,0
833,417,대한항공,25,21,25,25,0,96,27,29,28,27,0
834,418,삼성화재,21,22,21,0,0,64,26,31,29,0,0
835,418,우리카드,25,25,25,0,0,75,26,31,29,0,0
836,419,KB손해보험,25,25,29,0,0,79,27,24,37,0,0
837,419,현대캐피탈,19,16,27,0,0,62,27,24,37,0,0
838,420,대한항공,27,25,25,20,15,112,34,28,31,28,17
839,420,한국전력,29,17,21,25,11,103,34,28,31,28,17
840,421,우리카드,25,25,25,0,0,75,27,26,26,0,0
841,421,KB손해보험,21,20,19,0,0,60,27,26,26,0,0
842,422,대한항공,25,25,26,0,0,76,30,31,36,0,0
843,422,삼성화재,23,23,24,0,0,70,30,31,36,0,0
844,423,현대캐피탈,28,25,19,22,0,94,36,33,27,31,0
845,423,OK금융그룹,30,22,25,25,0,102,36,33,27,31,0
846,424,한국전력,22,13,25,25,15,100,26,23,26,27,15
847,424,우리카드,25,25,20,21,8,99,26,23,26,27,15
848,425,KB손해보험,21,27,23,32,10,113,27,36,33,39,17
849,425,대한항공,25,25,25,30,15,120,27,36,33,39,17
850,426,삼성화재,17,22,25,25,13,102,24,28,29,33,22
851,426,OK금융그룹,25,25,21,23,15,109,24,28,29,33,22
852,427,한국전력,25,25,25,0,0,75,27,30,30,0,0
853,427,현대캐피탈,20,22,21,0,0,63,27,30,30,0,0
854,428,OK금융그룹,22,25,19,0,0,66,30,37,25,0,0
855,428,우리카드,25,27,25,0,0,77,30,37,25,0,0
856,429,삼성화재,25,25,25,0,0,75,26,36,23,0,0
857,429,KB손해보험,22,22,16,0,0,60,26,36,23,0,0
858,430,현대캐피탈,23,25,15,17,0,80,28,30,26,30,0
859,430,대한항공,25,21,25,25,0,96,28,30,26,30,0
860,431,OK금융그룹,25,25,15,25,15,105,34,27,26,29,21
861,431,한국전력,27,16,25,22,13,103,34,27,26,29,21
862,432,우리카드,22,25,25,20,15,107,29,28,29,27,18
863,432,삼성화재,25,21,23,25,10,104,29,28,29,27,18
864,433,KB손해보험,25,25,25,0,0,75,29,28,27,0,0
865,433,한국전력,21,19,19,0,0,59,29,28,27,0,0
866,434,대한항공,25,21,26,20,16,108,29,29,33,30,20
867,434,OK금융그룹,18,25,24,25,14,106,29,29,33,30,20
868,435,현대캐피탈,21,25,19,22,0,87,29,28,29,34,0
869,435,우리카드,25,19,25,25,0,94,29,28,29,34,0
870,436,한국전력,25,24,26,25,0,100,25,31,33,26,0
871,436,삼성화재,19,26,24,18,0,87,25,31,33,26,0
872,437,OK금융그룹,25,18,20,21,0,84,33,28,30,34,0
873,437,KB손해보험,23,25,25,25,0,98,33,28,30,34,0
874,438,대한항공,20,23,25,25,14,107,24,33,28,33,21
875,438,우리카드,25,25,19,23,16,108,24,33,28,33,21
876,439,삼성화재,21,27,18,0,0,66,29,36,27,0,0
877,439,현대캐피탈,25,29,25,0,0,79,29,36,27,0,0
878,440,KB손해보험,25,25,25,0,0,75,26,31,26,0,0
879,440,우리카드,18,22,17,0,0,57,26,31,26,0,0
880,441,한국전력,21,25,32,20,15,113,27,29,48,28,21
881,441,대한항공,25,21,30,25,13,114,27,29,48,28,21
882,442,OK금융그룹,25,25,27,0,0,77,29,27,32,0,0
883,442,삼성화재,20,17,25,0,0,62,29,27,32,0,0
884,443,KB손해보험,14,25,21,25,10,95,25,29,28,26,16
885,443,삼성화재,25,21,25,17,15,103,25,29,28,26,16
886,444,대한항공,25,25,25,25,12,112,33,28,30,36,18
887,444,현대캐피탈,27,20,23,27,15,112,33,28,30,36,18
888,445,우리카드,25,25,25,0,0,75,25,27,25,0,0
889,445,OK금융그룹,19,19,16,0,0,54,25,27,25,0,0
890,446,한국전력,26,25,25,0,0,76,29,26,26,0,0
891,446,KB손해보험,24,16,20,0,0,60,29,26,26,0,0
892,447,삼성화재,13,22,25,19,0,79,24,28,29,27,0
893,447,대한항공,25,25,22,25,0,97,24,28,29,27,0
894,448,OK금융그룹,22,19,25,25,15,106,36,26,30,27,20
895,448,현대캐피탈,25,25,21,17,11,99,36,26,30,27,20
896,449,대한항공,25,21,26,26,16,114,24,28,39,31,24
897,449,우리카드,18,25,28,24,18,113,24,28,39,31,24
898,450,현대캐피탈,25,25,25,0,0,75,30,32,32,0,0
899,450,삼성화재,22,23,23,0,0,68,30,32,32,0,0
900,451,한국전력,23,25,19,25,12,104,29,24,28,29,18
901,451,OK금융그룹,25,15,25,23,15,103,29,24,28,29,18
902,452,대한항공,25,21,25,19,15,105,24,29,31,28,19
903,452,KB손해보험,16,25,21,25,13,100,24,29,31,28,19
904,453,삼성화재,20,23,18,0,0,61,25,29,26,0,0
905,453,우리카드,25,25,25,0,0,75,25,29,26,0,0
906,454,현대캐피탈,25,22,25,25,17,114,30,31,34,35,23
907,454,한국전력,22,25,22,27,15,111,30,31,34,35,23
908,455,KB손해보험,23,23,19,0,0,65,30,30,26,0,0
909,455,OK금융그룹,25,25,25,0,0,75,30,30,26,0,0
910,456,우리카드,25,25,19,18,16,103,29,25,27,26,22
911,456,현대캐피탈,21,17,25,25,18,106,29,25,27,26,22
912,457,삼성화재,25,19,25,19,24,112,28,27,28,24,30
913,457,한국전력,22,25,19,25,26,117,28,27,28,24,30
914,458,OK금융그룹,21,19,24,0,0,64,25,26,34,0,0
915,458,대한항공,25,25,26,0,0,76,25,26,34,0,0
916,459,현대캐피탈,20,33,25,22,13,113,30,43,29,31,20
917,459,KB손해보험,25,31,21,25,15,117,30,43,29,31,20
918,460,우리카드,21,20,17,0,0,58,31,29,28,0,0
919,460,한국전력,25,25,25,0,0,75,31,29,28,0,0
920,461,KB손해보험,25,17,25,25,0,92,30,29,32,25,0
921,461,현대캐피탈,23,25,20,17,0,85,30,29,32,25,0
922,462,한국전력,21,27,25,23,13,109,29,32,29,31,22
923,462,우리카드,25,25,23,25,15,113,29,32,29,31,22
924,463,대한항공,25,25,21,27,0,98,25,27,28,37,0
925,463,삼성화재,18,22,25,25,0,90,25,27,28,37,0
926,464,OK금융그룹,25,17,23,25,11,101,29,27,33,28,20
927,464,KB손해보험,22,25,25,19,15,106,29,27,33,28,20
928,465,현대캐피탈,19,21,27,25,16,108,28,29,32,25,20
929,465,우리카드,25,25,25,15,14,104,28,29,32,25,20
930,466,삼성화재,25,28,22,18,0,93,33,38,35,28,0
931,466,OK금융그룹,27,26,25,25,0,103,33,38,35,28,0
932,467,KB손해보험,19,14,17,0,0,50,25,25,27,0,0
933,467,대한항공,25,25,25,0,0,75,25,25,27,0,0
934,468,한국전력,19,22,26,0,0,67,28,31,36,0,0
935,468,현대캐피탈,25,25,28,0,0,78,28,31,36,0,0
936,469,우리카드,25,25,25,0,0,75,32,26,23,0,0
937,469,삼성화재,22,17,16,0,0,55,32,26,23,0,0
938,470,대한항공,20,20,25,25,15,105,30,30,32,27,19
939,470,OK금융그룹,25,25,23,17,12,102,30,30,32,27,19
940,471,KB손해보험,19,26,22,17,0,84,29,37,36,28,0
941,471,한국전력,25,24,25,25,0,99,29,37,36,28,0
942,472,OK금융그룹,25,19,16,22,0,82,29,28,24,30,0
943,472,우리카드,23,25,25,25,0,98,29,28,24,30,0
944,473,삼성화재,16,23,21,0,0,60,27,31,30,0,0
945,473,KB손해보험,25,25,25,0,0,75,27,31,30,0,0
946,474,대한항공,24,23,25,23,0,95,32,32,29,31,0
947,474,한국전력,26,25,17,25,0,93,32,32,29,31,0
948,475,현대캐피탈,25,25,20,20,15,105,24,26,31,28,18
949,475,OK금융그룹,16,14,25,25,12,92,24,26,31,28,18
950,476,한국전력,19,25,18,25,13,100,26,24,27,34,18
951,476,삼성화재,25,11,25,23,15,99,26,24,27,34,18
952,477,현대캐피탈,20,20,19,0,0,59,29,28,26,0,0
953,477,대한항공,25,25,25,0,0,75,29,28,26,0,0
954,478,우리카드,25,22,19,26,15,107,24,32,30,33,17
955,478,KB손해보험,17,25,25,24,10,101,24,32,30,33,17
956,479,OK금융그룹,25,21,15,19,0,80,28,30,26,30,0
957,479,한국전력,20,25,25,25,0,95,28,30,26,30,0
958,480,삼성화재,24,19,17,0,0,60,30,27,24,0,0
959,480,현대캐피탈,26,25,25,0,0,76,30,27,24,0,0
960,481,우리카드,25,25,34,0,0,84,25,28,41,0,0
961,481,대한항공,16,21,32,0,0,69,25,28,41,0,0
962,482,KB손해보험,19,27,25,22,11,104,28,32,29,32,18
963,482,OK금융그룹,25,25,18,25,15,108,28,32,29,32,18
964,483,삼성화재,25,17,22,25,9,98,28,26,28,29,18
965,483,우리카드,22,25,25,20,15,107,28,26,28,29,18
966,484,현대캐피탈,19,25,23,25,8,100,31,30,32,31,16
967,484,한국전력,25,22,25,23,15,110,31,30,32,31,16
968,485,대한항공,25,25,25,0,0,75,26,27,30,0,0
969,485,KB손해보험,17,17,21,0,0,55,26,27,30,0,0
970,486,OK금융그룹,18,25,25,21,10,99,27,36,28,29,17
971,486,현대캐피탈,25,23,20,25,15,108,27,36,28,29,17
972,487,한국전력,19,32,20,0,0,71,27,43,35,0,0
973,487,대한항공,25,34,25,0,0,84,27,43,35,0,0
974,488,KB손해보험,25,22,21,25,15,108,22,29,33,29,21
975,488,삼성화재,14,25,25,19,11,94,22,29,33,29,21
976,489,우리카드,25,25,20,25,0,95,23,26,30,32,0
977,489,현대캐피탈,16,17,25,22,0,80,23,26,30,32,0
978,490,한국전력,21,25,22,25,15,108,30,34,32,28,19
979,490,OK금융그룹,25,23,25,19,11,103,30,34,32,28,19
980,491,삼성화재,23,23,16,0,0,62,29,32,25,0,0
981,491,대한항공,25,25,25,0,0,75,29,32,25,0,0
982,492,현대캐피탈,20,23,25,22,0,90,27,33,29,32,0
983,492,KB손해보험,25,25,19,25,0,94,27,33,29,32,0
984,493,우리카드,25,25,25,0,0,75,31,29,30,0,0
985,493,OK금융그룹,21,22,22,0,0,65,31,29,30,0,0
986,494,삼성화재,25,25,17,25,0,92,26,29,27,29,0
987,494,한국전력,17,20,25,19,0,81,26,29,27,29,0
988,495,대한항공,33,25,25,0,0,83,39,26,25,0,0
989,495,현대캐피탈,31,17,17,0,0,65,39,26,25,0,0
990,496,KB손해보험,19,19,19,0,0,57,26,26,25,0,0
991,496,우리카드,25,25,25,0,0,75,26,26,25,0,0
992,497,OK금융그룹,25,25,25,0,0,75,25,28,31,0,0
993,497,삼성화재,15,21,21,0,0,57,25,28,31,0,0
994,498,우리카드,25,22,17,22,0,86,30,29,26,30,0
995,498,대한항공,19,25,25,25,0,94,30,29,26,30,0
996,499,한국전력,23,25,25,25,15,113,33,35,28,32,15
997,499,KB손해보험,25,27,21,23,7,103,33,35,28,32,15
998,500,현대캐피탈,25,25,25,0,0,75,24,27,28,0,0
999,500,삼성화재,18,20,23,0,0,61,24,27,28,0,0
1000,501,OK금융그룹,21,14,25,19,0,79,29,25,33,29,0
1001,501,대한항공,25,25,22,25,0,97,29,25,33,29,0
1002,502,우리카드,25,25,25,0,0,75,21,28,28,0,0
1003,502,한국전력,13,20,21,0,0,54,21,28,28,0,0
1004,503,KB손해보험,20,25,20,19,0,84,30,27,29,32,0
1005,503,OK금융그룹,25,16,25,25,0,91,30,27,29,32,0
1006,504,우리카드,25,25,23,25,0,98,27,29,27,28,0
1007,504,OK금융그룹,21,18,25,22,0,86,27,29,27,28,0
1008,505,우리카드,25,18,25,25,0,93,29,27,28,37,0
1009,505,OK금융그룹,21,25,18,22,0,86,29,27,28,37,0
1010,506,대한항공,26,22,23,0,0,71,34,30,33,0,0
1011,506,우리카드,28,25,25,0,0,78,34,30,33,0,0
1012,507,대한항공,25,27,25,23,15,115,26,42,29,31,20
1013,507,우리카드,20,29,20,25,13,107,26,42,29,31,20
1014,508,우리카드,26,25,25,0,0,76,40,30,29,0,0
1015,508,대한항공,24,20,19,0,0,63,40,30,29,0,0
1016,509,우리카드,23,19,19,0,0,61,30,26,26,0,0
1017,509,대한항공,25,25,25,0,0,75,30,26,26,0,0
1018,510,대한항공,24,28,27,25,0,104,30,36,37,25,0
1019,510,우리카드,26,26,25,17,0,94,30,36,37,25,0
1020,511,대한항공,25,27,19,25,0,96,24,31,25,27,0
1021,511,우리카드,18,25,25,22,0,90,24,31,25,27,0
1022,512,현대캐피탈,23,25,25,25,0,98,33,31,30,31,0
1023,512,OK금융그룹,25,21,23,21,0,90,33,31,30,31,0
1024,513,삼성화재,20,16,18,0,0,54,27,27,26,0,0
1025,513,한국전력,25,25,25,0,0,75,27,27,26,0,0
1026,514,KB손해보험,25,23,23,25,15,111,29,34,31,34,19
1027,514,현대캐피탈,22,25,25,23,11,106,29,34,31,34,19
1028,515,OK금융그룹,21,26,25,25,15,112,28,32,35,28,19
1029,515,우리카드,25,24,27,20,13,109,28,32,35,28,19
1030,516,삼성화재,26,25,25,0,0,76,32,31,34,0,0
1031,516,대한항공,24,19,23,0,0,66,32,31,34,0,0
1032,517,한국전력,18,25,25,25,0,93,26,33,32,29,0
1033,517,KB손해보험,25,23,23,19,0,90,26,33,32,29,0
1034,518,우리카드,25,25,24,21,0,95,28,34,32,30,0
1035,518,현대캐피탈,20,27,26,25,0,98,28,34,32,30,0
1036,519,OK금융그룹,25,25,15,25,0,90,26,29,26,35,0
1037,519,KB손해보험,15,21,25,23,0,84,26,29,26,35,0
1038,520,현대캐피탈,25,16,22,25,15,103,29,25,29,30,18
1039,520,대한항공,21,25,25,20,10,101,29,25,29,30,18
1040,521,우리카드,25,25,25,0,0,75,25,30,28,0,0
1041,521,한국전력,18,23,17,0,0,58,25,30,28,0,0
1042,522,KB손해보험,25,22,16,25,10,98,24,31,28,28,20
1043,522,삼성화재,14,25,25,19,15,98,24,31,28,28,20
1044,523,대한항공,25,25,25,0,0,75,24,29,29,0,0
1045,523,OK금융그룹,16,20,22,0,0,58,24,29,29,0,0
1046,524,한국전력,25,25,25,0,0,75,23,23,27,0,0
1047,524,현대캐피탈,15,11,15,0,0,41,23,23,27,0,0
1048,525,삼성화재,25,23,11,25,15,99,30,30,21,33,15
1049,525,우리카드,22,25,25,22,9,103,30,30,21,33,15
1050,526,KB손해보험,25,22,25,25,0,97,34,31,31,30,0
1051,526,대한항공,22,25,17,21,0,85,34,31,31,30,0
1052,527,한국전력,14,21,22,0,0,57,24,34,36,0,0
1053,527,OK금융그룹,25,25,25,0,0,75,24,34,36,0,0
1054,528,현대캐피탈,25,25,26,0,0,76,26,22,30,0,0
1055,528,삼성화재,19,11,24,0,0,54,26,22,30,0,0
1056,529,KB손해보험,27,25,26,0,0,78,33,28,32,0,0
1057,529,우리카드,25,18,24,0,0,67,33,28,32,0,0
1058,530,대한항공,26,15,25,14,0,80,34,26,29,25,0
1059,530,한국전력,28,25,17,25,0,95,34,26,29,25,0
1060,531,OK금융그룹,25,25,17,25,0,92,29,30,29,32,0
1061,531,삼성화재,21,23,25,22,0,91,29,30,29,32,0
1062,532,대한항공,19,25,25,25,0,94,26,27,29,29,0
1063,532,현대캐피탈,25,22,22,21,0,90,26,27,29,29,0
1064,533,KB손해보험,21,28,25,22,13,109,27,35,25,35,20
1065,533,우리카드,25,26,17,25,15,108,27,35,25,35,20
1066,534,OK금융그룹,18,19,25,28,0,90,26,27,26,38,0
1067,534,한국전력,25,25,16,30,0,96,26,27,26,38,0
1068,535,삼성화재,25,25,23,25,0,98,28,27,34,24,0
1069,535,현대캐피탈,18,19,25,13,0,75,28,27,34,24,0
1070,536,우리카드,11,21,20,0,0,52,23,30,29,0,0
1071,536,대한항공,25,25,25,0,0,75,23,30,29,0,0
1072,537,삼성화재,25,22,20,26,12,105,28,34,30,38,20
1073,537,OK금융그룹,22,25,25,24,15,111,28,34,30,38,20
1074,538,현대캐피탈,25,25,26,0,0,76,29,28,33,0,0
1075,538,KB손해보험,22,22,24,0,0,68,29,28,33,0,0
1076,539,한국전력,25,24,22,18,0,89,26,33,30,27,0
1077,539,우리카드,19,26,25,25,0,95,26,33,30,27,0
1078,540,대한항공,21,20,25,25,17,108,28,30,29,29,24
1079,540,삼성화재,25,25,23,21,15,109,28,30,29,29,24
1080,541,OK금융그룹,17,25,25,23,15,105,24,26,32,31,18
1081,541,현대캐피탈,25,16,21,25,10,97,24,26,32,31,18
1082,542,KB손해보험,18,21,23,0,0,62,26,31,32,0,0
1083,542,한국전력,25,25,25,0,0,75,26,31,32,0,0
1084,543,우리카드,19,19,22,0,0,60,26,26,29,0,0
1085,543,OK금융그룹,25,25,25,0,0,75,26,26,29,0,0
1086,544,대한항공,25,22,37,20,0,104,27,30,48,30,0
1087,544,KB손해보험,22,25,39,25,0,111,27,30,48,30,0
1088,545,한국전력,23,14,16,0,0,53,29,24,27,0,0
1089,545,삼성화재,25,25,25,0,0,75,29,24,27,0,0
1090,546,현대캐피탈,22,25,19,25,15,106,27,30,30,31,19
1091,546,우리카드,25,23,25,22,12,107,27,30,30,31,19
1092,547,OK금융그룹,15,16,15,0,0,46,25,28,32,0,0
1093,547,대한항공,25,25,25,0,0,75,25,28,32,0,0
1094,548,KB손해보험,25,25,23,25,0,98,26,28,34,25,0
1095,548,삼성화재,18,17,25,15,0,75,26,28,34,25,0
1096,549,한국전력,24,17,25,25,15,106,30,26,33,30,18
1097,549,대한항공,26,25,21,21,11,104,30,26,33,30,18
1098,550,우리카드,21,25,25,23,14,108,28,29,26,31,23
1099,550,삼성화재,25,21,16,25,16,103,28,29,26,31,23
1100,551,KB손해보험,16,25,25,28,0,94,29,30,30,41,0
1101,551,OK금융그룹,25,20,23,26,0,94,29,30,30,41,0
1102,552,현대캐피탈,25,23,25,24,13,110,29,29,26,33,20
1103,552,한국전력,23,25,19,26,15,108,29,29,26,33,20
1104,553,대한항공,25,25,25,0,0,75,25,30,28,0,0
1105,553,우리카드,19,22,21,0,0,62,25,30,28,0,0
1106,554,OK금융그룹,17,20,25,25,15,102,28,31,28,34,18
1107,554,삼성화재,25,25,20,23,11,104,28,31,28,34,18
1108,555,KB손해보험,25,25,25,0,0,75,28,30,26,0,0
1109,555,현대캐피탈,21,22,17,0,0,60,28,30,26,0,0
1110,556,삼성화재,17,25,18,25,10,95,25,32,28,32,16
1111,556,대한항공,25,22,25,23,15,110,25,32,28,32,16
1112,557,한국전력,25,18,26,25,15,109,28,28,35,31,19
1113,557,OK금융그룹,22,25,28,22,13,110,28,28,35,31,19
1114,558,우리카드,23,19,25,17,0,84,28,29,28,26,0
1115,558,KB손해보험,25,25,20,25,0,95,28,29,28,26,0
1116,559,현대캐피탈,23,21,15,0,0,59,29,29,28,0,0
1117,559,대한항공,25,25,25,0,0,75,29,29,28,0,0
1118,560,삼성화재,25,25,15,25,0,90,27,26,26,30,0
1119,560,한국전력,20,18,25,20,0,83,27,26,26,30,0
1120,561,우리카드,25,25,22,29,0,101,31,26,31,40,0
1121,561,현대캐피탈,23,16,25,27,0,91,31,26,31,40,0
1122,562,대한항공,20,25,25,21,15,106,30,30,26,33,21
1123,562,OK금융그룹,25,22,17,25,17,106,30,30,26,33,21
1124,563,삼성화재,30,22,18,21,0,91,38,33,31,33,0
1125,563,KB손해보험,28,25,25,25,0,103,38,33,31,33,0
1126,564,한국전력,23,25,25,25,0,98,29,32,27,30,0
1127,564,현대캐피탈,25,23,18,18,0,84,29,32,27,30,0
1128,565,OK금융그룹,20,22,22,0,0,64,27,32,30,0,0
1129,565,우리카드,25,25,25,0,0,75,27,32,30,0,0
1130,566,KB손해보험,25,21,18,25,9,98,27,33,29,31,18
1131,566,대한항공,20,25,25,21,15,106,27,33,29,31,18
1132,567,우리카드,28,25,25,0,0,78,33,30,27,0,0
1133,567,한국전력,26,20,19,0,0,65,33,30,27,0,0
1134,568,현대캐피탈,25,25,25,0,0,75,31,27,29,0,0
1135,568,삼성화재,22,18,23,0,0,63,31,27,29,0,0
1136,569,KB손해보험,25,19,25,25,13,107,33,34,30,31,20
1137,569,OK금융그룹,27,25,20,21,15,108,33,34,30,31,20
1138,570,대한항공,22,25,25,25,0,97,28,25,24,26,0
1139,570,한국전력,25,15,14,18,0,72,28,25,24,26,0
1140,571,삼성화재,19,20,11,0,0,50,27,29,21,0,0
1141,571,우리카드,25,25,25,0,0,75,27,29,21,0,0
1142,572,현대캐피탈,25,25,25,0,0,75,27,21,29,0,0
1143,572,OK금융그룹,21,10,23,0,0,54,27,21,29,0,0
1144,573,한국전력,25,25,28,20,0,98,32,33,37,35,0
1145,573,KB손해보험,22,27,30,25,0,104,32,33,37,35,0
1146,574,우리카드,25,25,25,0,0,75,30,28,22,0,0
1147,574,삼성화재,22,19,15,0,0,56,30,28,22,0,0
1148,575,대한항공,29,25,25,0,0,79,37,28,27,0,0
1149,575,현대캐피탈,27,21,17,0,0,65,37,28,27,0,0
1150,576,KB손해보험,35,25,28,0,0,88,41,26,35,0,0
1151,576,OK금융그룹,33,18,26,0,0,77,41,26,35,0,0
1152,577,한국전력,25,17,25,25,0,92,27,26,27,24,0
1153,577,삼성화재,19,25,16,12,0,72,27,26,27,24,0
1154,578,우리카드,25,25,26,0,0,76,24,29,34,0,0
1155,578,대한항공,16,21,24,0,0,61,24,29,34,0,0
1156,579,현대캐피탈,25,22,25,22,15,109,30,30,32,30,23
1157,579,한국전력,21,25,22,25,13,106,30,30,32,30,23
1158,580,삼성화재,19,25,25,25,16,110,26,29,36,26,22
1159,580,KB손해보험,25,23,27,18,14,107,26,29,36,26,22
1160,581,OK금융그룹,19,25,21,0,0,65,26,34,30,0,0
1161,581,대한항공,25,27,25,0,0,77,26,34,30,0,0
1162,582,한국전력,17,23,21,0,0,61,23,29,29,0,0
1163,582,우리카드,25,25,25,0,0,75,23,29,29,0,0
1164,583,현대캐피탈,25,23,17,17,0,82,31,32,25,28,0
1165,583,KB손해보험,22,25,25,25,0,97,31,32,25,28,0
1166,584,대한항공,25,28,21,25,11,110,23,37,27,26,22
1167,584,삼성화재,15,30,25,19,15,104,23,37,27,26,22
1168,585,OK금융그룹,25,25,24,17,15,106,31,29,34,27,22
1169,585,현대캐피탈,21,19,26,25,17,108,31,29,34,27,22
1170,586,우리카드,20,25,25,25,0,95,25,26,24,33,0
1171,586,KB손해보험,25,16,15,23,0,79,25,26,24,33,0
1172,587,한국전력,18,25,19,17,0,79,25,25,28,23,0
1173,587,대한항공,25,18,25,25,0,93,25,25,28,23,0
1174,588,삼성화재,20,18,23,0,0,61,30,26,32,0,0
1175,588,현대캐피탈,25,25,25,0,0,75,30,26,32,0,0
1176,589,우리카드,25,18,25,16,13,97,29,30,26,31,22
1177,589,OK금융그룹,22,25,17,25,15,104,29,30,26,31,22
1178,590,KB손해보험,25,19,25,27,13,109,29,29,32,36,22
1179,590,한국전력,21,25,22,29,15,112,29,29,32,36,22
1180,591,삼성화재,25,25,25,0,0,75,29,28,28,0,0
1181,591,OK금융그룹,22,19,21,0,0,62,29,28,28,0,0
1182,592,현대캐피탈,20,18,25,25,15,103,29,28,33,32,18
1183,592,우리카드,25,25,18,23,11,102,29,28,33,32,18
1184,593,대한항공,25,25,25,0,0,75,27,29,29,0,0
1185,593,KB손해보험,22,21,19,0,0,62,27,29,29,0,0
1186,594,한국전력,15,27,25,25,0,92,25,38,28,22,0
1187,594,OK금융그룹,25,25,19,10,0,79,25,38,28,22,0
1188,595,우리카드,22,22,25,25,15,109,30,31,26,25,24
1189,595,현대캐피탈,25,25,16,16,17,99,30,31,26,25,24
1190,596,KB손해보험,25,25,17,19,15,101,30,30,26,30,21
1191,596,대한항공,23,19,25,25,13,105,30,30,26,30,21
1192,597,OK금융그룹,21,25,25,25,0,96,29,27,28,27,0
1193,597,한국전력,25,17,19,19,0,80,29,27,28,27,0
1194,598,삼성화재,32,25,25,0,0,82,44,26,33,0,0
1195,598,현대캐피탈,30,19,23,0,0,72,44,26,33,0,0
1196,599,대한항공,25,18,23,17,0,83,31,29,29,27,0
1197,599,우리카드,23,25,25,25,0,98,31,29,29,27,0
1198,600,OK금융그룹,25,25,25,0,0,75,34,31,31,0,0
1199,600,KB손해보험,22,22,21,0,0,65,34,31,31,0,0
1200,601,삼성화재,25,25,16,25,0,91,28,21,23,30,0
1201,601,한국전력,20,11,25,23,0,79,28,21,23,30,0
1202,602,현대캐피탈,20,21,25,24,0,90,26,31,29,35,0
1203,602,대한항공,25,25,21,26,0,97,26,31,29,35,0
1204,603,우리카드,19,23,16,0,0,58,28,31,24,0,0
1205,603,KB손해보험,25,25,25,0,0,75,28,31,24,0,0
1206,604,OK금융그룹,25,25,21,29,15,115,28,36,29,41,16
1207,604,삼성화재,22,23,25,31,9,110,28,36,29,41,16
1208,605,우리카드,20,27,25,25,0,97,28,34,28,27,0
1209,605,한국전력,25,25,18,17,0,85,28,34,28,27,0
1210,606,KB손해보험,25,25,25,0,0,75,25,31,30,0,0
1211,606,현대캐피탈,15,23,21,0,0,59,25,31,30,0,0
1212,607,대한항공,25,25,25,0,0,75,28,30,27,0,0
1213,607,OK금융그룹,23,21,17,0,0,61,28,30,27,0,0
1214,608,삼성화재,25,19,25,25,0,94,29,28,29,25,0
1215,608,우리카드,23,25,20,17,0,85,29,28,29,25,0
1216,609,한국전력,25,25,19,22,15,106,29,30,27,28,19
1217,609,KB손해보험,22,22,25,25,10,104,29,30,27,28,19
1218,610,현대캐피탈,20,25,25,0,0,70,27,36,42,0,0
1219,610,OK금융그룹,25,27,27,0,0,79,27,36,42,0,0
